Actor,Movies Featured
Lady Gaga,House of Gucci
Adam Driver,House of Gucci
Al Pacino,House of Gucci
Jeremy Irons,House of Gucci
Jared Leto,House of Gucci
Jack Huston,House of Gucci
Salma Hayek,House of Gucci
Alexia Murray,House of Gucci
Vincent Riotta,House of Gucci
Gaetano Bruno,House of Gucci
Camille Cottin,House of Gucci
Youssef Kerkour,House of Gucci
Reeve Carney,House of Gucci
Florence Andrews,House of Gucci
Mehdi Nebbou,House of Gucci
Miloud Mourad Benamara,House of Gucci
Andrea Piedimonte Bodini,House of Gucci
Vincenzo Tanassi,House of Gucci
Mauro Lamantia,House of Gucci
Nicole Bani Sarkute,House of Gucci
Mia McGovern Zaini,House of Gucci
Clelia Rossi Marcelli,House of Gucci
Pietro Ragusa,House of Gucci
Alessandro Pess,House of Gucci
Alex Mariotti,House of Gucci
Monica Nappo,House of Gucci
Alessandro Piavani,House of Gucci
Marina Occhionero,House of Gucci
Pierpaolo Palladino,House of Gucci
Jun Ichikawa,House of Gucci
Daphne Morelli,House of Gucci
Mãdãlina Ghenea,House of Gucci
Gjergji Lala,House of Gucci
Alessandra Borgia,House of Gucci
Havana Alfarano,House of Gucci
Philippe Boa,House of Gucci
Ira Fronten,House of Gucci
Marika De Chiara,House of Gucci
Antonello Annunziata,House of Gucci
Edouard Philipponnat,House of Gucci
Nicola Garofalo,House of Gucci
Daniele De Martino,House of Gucci
Beatrice Pelliccia,House of Gucci
Beppe Rosso,House of Gucci
Jay Natelle,House of Gucci
Johanna Santos,House of Gucci
Larry Kapust,House of Gucci
Livio Beshir,House of Gucci
Pietro Pace,House of Gucci
Bianca Nappi,House of Gucci
Paolo De Giorgio,House of Gucci
Mario Opinato,House of Gucci
Gianpiero Pumo,House of Gucci
Stefano Moretti,House of Gucci
Catherine Walker,House of Gucci
Martino Palmisano,House of Gucci
Eva Moore,House of Gucci
Filippo De Carli,House of Gucci
Marco Sincini,House of Gucci
Daniele Monterosi,House of Gucci
Daniela Macaluso,House of Gucci
Alfredo Pea,House of Gucci
Dirk Plöenissen,House of Gucci
Mimmo Mancini,House of Gucci
Eric Alexander,House of Gucci
Beniamino Marcone,House of Gucci
Simone Spinazze,House of Gucci
Fausto Caroli,House of Gucci
Bruce McGuire,House of Gucci
Loris Loddi,House of Gucci
Luca Chikovani,House of Gucci
Alessandro Egger,House of Gucci
Roger Garth,House of Gucci
Dante Alba,House of Gucci
Andrea Bruschi,House of Gucci
Benedict Cumberbatch,The Power of the Dog
Geneviève Lemon,The Power of the Dog
Jesse Plemons,The Power of the Dog
Kodi Smit-McPhee,The Power of the Dog
Kenneth Radley,The Power of the Dog
Kirsten Dunst,The Power of the Dog
Sean Keenan,The Power of the Dog
George Mason,The Power of the Dog
Ramontay McConnell,The Power of the Dog
David Denis,The Power of the Dog
Cohen Holloway,The Power of the Dog
Max Mata,The Power of the Dog
Josh Owen,The Power of the Dog
Alistair Sewell,The Power of the Dog
Eddie Campbell,The Power of the Dog
Alice Englert,The Power of the Dog
Bryony Skillington,The Power of the Dog
Jacque Drew,The Power of the Dog
Yvette Parsons,The Power of the Dog
Aislinn Furlong,The Power of the Dog
Daniel Cleary,The Power of the Dog
Richard Falkner,The Power of the Dog
Tatum Warren-Ngata,The Power of the Dog
Yvette Reid,The Power of the Dog
Alice May Connolly,The Power of the Dog
Stephen Lovatt,The Power of the Dog
Stephen Bain,The Power of the Dog
Ella Hope-Higginson,The Power of the Dog
Piimio Mei,The Power of the Dog
Edith Poor,The Power of the Dog
Vadim Ledogorov,The Power of the Dog
Thomasin McKenzie,The Power of the Dog
Julie Forsyth,The Power of the Dog
Peter Carroll,The Power of the Dog
Frances Conroy,The Power of the Dog
Alison Bruce,The Power of the Dog
Keith Carradine,The Power of the Dog
Karl Willetts,The Power of the Dog
David T. Lim,The Power of the Dog
Adam Beach,The Power of the Dog
Maeson Stone Skuggedal,The Power of the Dog
Ian Harcourt,The Power of the Dog
Catherine Manchester,The Power of the Dog
